タイトル,作者,発表年
都市環境におけるハトの生態学的研究,佐々木恵子,2018
野鳥の保護と生態系への影響,伊藤隆,2019
家庭犬と野生犬の行動比較,山本智也,2020
都市部における猫の夜間活動パターン,佐々木恵子,2018
ハトの都市化適応メカニズム,山本智也,2022
渡り鳥の生態学的挑戦と環境変化,田中雅美,2022
野生犬の社会構造とコミュニケーション,渡辺典子,2020
猫のストレス行動と環境要因,伊藤隆,2019
ハトの繁殖行動と生態系への影響,渡辺典子,2018
野鳥の歌声の進化とその意義,渡辺典子,2018
犬の遺伝子多様性とその保全,渡辺典子,2018
都市猫の生態学と生存戦略,山本智也,2019
ハトの食性とその生態学的影響,田中雅美,2020
野鳥の繁殖パターンと季節変動,伊藤隆,2021
犬の感情認識能力の研究,田中雅美,2020
猫の繁殖戦略と遺伝的特性,山本智也,2022
ハトの飛行能力とエネルギー代謝,渡辺典子,2022
都市部に生息する野鳥の健康管理,山本智也,2022
犬と人間の共生関係の進化,田中雅美,2022
猫の社会行動とテリトリー意識,田中雅美,2020
ハトの都市生活への適応戦略,伊藤隆,2018
野鳥の渡り行動と気候の影響,山本智也,2019
犬の社会的学習と行動適応,伊藤隆,2020
猫の餌探し行動と環境因子,渡辺典子,2018
ハトと人間の共生とその影響,佐々木恵子,2022
